{
  "total_trades": 3,
  "winning_trades": 2,
  "losing_trades": 1,
  "win_rate": 0.6666666666666666,
  "total_pnl": 1709.514340218753,
  "total_return_pct": 17.095143402187528,
  "avg_trade_pnl": 569.838113406251,
  "final_equity": 11709.514340218753,
  "avg_win": 1127.4880108860302,
  "avg_loss": -545.4616815533075,
  "largest_win": 1221.3597910088442,
  "largest_loss": -545.4616815533075,
  "profit_factor": 4.134068621191833,
  "expectancy": 569.838113406251,
  "avg_duration_candles": 33.666666666666664,
  "avg_duration_hours": 2.8055555555555554,
  "min_duration_candles": 15,
  "max_duration_candles": 47,
  "max_drawdown_pct": 4.8609232010398715,
  "max_drawdown_abs": 545.4616815533082,
  "sharpe_ratio": 2.043496029355365,
  "sortino_ratio": Infinity,
  "tp_exits": 2,
  "sl_exits": 1,
  "other_exits": 0,
  "tp_rate": 0.6666666666666666,
  "sl_rate": 0.3333333333333333,
  "long_trades": 0,
  "short_trades": 3,
  "long_win_rate": 0.0,
  "short_win_rate": 0.6666666666666666,
  "long_pnl": 0,
  "short_pnl": 1709.514340218753,
  "total_fees": 93.50471096203984,
  "avg_fee_per_trade": 31.168236987346614,
  "fees_pct_of_pnl": 5.469665200355955,
  "avg_trigger_prob": 0.8385392824808756,
  "avg_imminence": 0.5808392961819967,
  "avg_direction_confidence": 0.9999999602635702
}