{
  "train_loss": [
    1.2918745802048055,
    1.152740796619558,
    1.1004410988506785,
    1.0655028160243112,
    1.0358199601504892,
    1.0151093761551189,
    0.9959876212206754,
    0.9773550301312125,
    0.9578071944216356,
    0.9517231880024792,
    0.9311442971229553,
    0.9072219241749157,
    0.8955652168727813,
    0.8889608676420814,
    0.8822679886205949,
    0.8785513021091726,
    0.8698908693012707,
    0.8627490541514229,
    0.8517069249229635,
    0.8497417993086545
  ],
  "val_loss": [
    0.7105048973527219,
    0.7105361852380965,
    0.7514760382473469,
    0.7295337890585264,
    0.6423072134041123,
    0.784917170388831,
    0.742288912853433,
    0.7579341210010979,
    0.7343368391609855,
    0.7063995959858099,
    0.746974546669258,
    0.7666427886320485,
    0.7402439282482697,
    0.7358829004483091,
    0.7625674894079566,
    0.7680346940954527,
    0.7527379403925605,
    0.7583070327010419,
    0.7844753545812435,
    0.7631825245916843
  ],
  "train_trigger_loss": [
    1.1472294066041548,
    1.092670996240116,
    1.0600904545044516,
    1.0323380802404434,
    1.007180408041745,
    0.988245094204969,
    0.9715145692468327,
    0.9529954265145695,
    0.9356566817365228,
    0.9286429426249336,
    0.9098257084581304,
    0.8890389334709249,
    0.8783011764766061,
    0.8714700561156248,
    0.8654099890892518,
    0.8622681906516539,
    0.8538519762416574,
    0.8481422624486016,
    0.8369909021306166,
    0.8354525269671558
  ],
  "val_trigger_loss": [
    0.6528207303749191,
    0.6788140543633037,
    0.7257264643493626,
    0.7062786058005359,
    0.6242573600676324,
    0.7682151310145855,
    0.713200309417314,
    0.7371365781873465,
    0.719888942109214,
    0.6871688755022155,
    0.7242618915107515,
    0.7484986246046093,
    0.7273987176207205,
    0.7203070647600625,
    0.7513545871091386,
    0.7548129404377606,
    0.7414059332675405,
    0.7447514038843414,
    0.7720126626599166,
    0.7543768750296699
  ],
  "train_regime_loss": [
    0.8261519326245721,
    0.4185859447813289,
    0.3116571927134366,
    0.2736475348153854,
    0.24837880968091322,
    0.23763437792260378,
    0.2249775329694391,
    0.22581882344528953,
    0.2176269259363572,
    0.22155168883622012,
    0.21571188463884242,
    0.20043570305255645,
    0.1959079014744988,
    0.19394603841763766,
    0.19167082442000588,
    0.1910994984408751,
    0.1901147560002332,
    0.18298986880855764,
    0.18442928544021545,
    0.18085211427772746
  ],
  "val_regime_loss": [
    0.4332822879983319,
    0.27396385557949543,
    0.23202982989864218,
    0.23252754327323702,
    0.19325737023933065,
    0.2016147275765737,
    0.26010763293339145,
    0.2240581185453468,
    0.19626219146367577,
    0.22627450505064595,
    0.23626395294235814,
    0.20608803547090954,
    0.18810518437789547,
    0.17128586753581962,
    0.18032654954327476,
    0.1784334390734633,
    0.17552574444562197,
    0.19938194213642013,
    0.16799588656673828,
    0.15494492546551758
  ],
  "learning_rate": [
    0.001,
    0.001,
    0.001,
    0.001,
    0.001,
    0.001,
    0.001,
    0.001,
    0.001,
    0.001,
    0.0005,
    0.0005,
    0.0005,
    0.0005,
    0.0005,
    0.0005,
    0.00025,
    0.00025,
    0.00025,
    0.00025
  ]
}